"SAT I: 1480 (760M, 720RW)",GPA (UW/W): 3.9 ,"Jackson Laboratory Achievement Award (1st place in state health app competition)

Junior Achievement Award (State finalist for AI Innovation pitch)

QuestBridge College Prep Scholar

AP Scholar Award","Family responsibilities (my biggest commitment): household management, cleaning, cooking, errands, chores, and taking care of siblings.

Machine Learning & AI: building apps and projects solo/team (ex. 1st place state health app, regional AI lawyer pitch).

Independent STEM learning: self-studied multivariable calculus, linear algebra, statistics, physics, and applied concepts to projects.

Video editing for entrepreneurial pitches and competitions: often linked to my AI/ML work and sometimes just for fun.

Calisthenics: skills training (sometimes with peers) like splits, planche progressions, pistol squats, and one-arm pushup work."
"SAT I: 1460 (740M, 720RW)",GPA: 3.72 UW,"Senior Year Course Load: AP United States Government and Politics, Health, Honors 

English 4 (Dual Enrollment), 

AP Statistics, Creative Writing,

AP English Language and Composition,

AP Art","Varsity Bowling (4 years; Captain [senior]): Regional Runner-up (2023); Regional Champion (2024, 2025); DII Girls' Bowling State Champion (2025)

Literary Art Magazine (3 years; public relations [junior], Art Editor [senior])

YMCA Youth in Government (3 years; White Chamber Senator [sophomore], Red House Representative [junior])

Hispanic Student Organization (4 years; Co-president [senior])

Cheese Club (2 years; founder/ president [junior, senior]

150+ hours of community service/ volunteer work at multiple non-profits"
"SAT: 1500 (750RW, 750M)",GPA (UW/W): 4.0,"FBLA Nationals 8th Place - 11th grade

QuestBridge College Prep Scholar - 11th grade

Mock trial county champion - 11th grade

AP Scholar w/ Distinction - 11th grade","Mock trial - school co-president, ~6 hours/week, 2x state finalist/county champion

FBLA - school VP of competitions, ~6 hours/week, 8th place at nationals + 2nd place at CA state my junior year

District attorney's office summer internship - ~20 hours/week, collaborated with prosecutors preparing for misdemeanor cases in court

NHS - school president, ~2 hours/week

Gilder Lehrman Institute Student Advisory Council - ~1 hour/week"
"SAT I: 1580 (780RW, 800M)",GPA (UW/W): 4.00,"National Merit Semifinalist

AP Scholar w/ Distinction","Math Club President

Science Club team captain

Varsity Athlete (not recruited)

Paid Academic Internship

DECA ICDC qualifier"
"SAT I: 1580 (780RW, 800M)",GPA (UW/W): 4.0,"6x AIME (after cutoffs released so 5x when apps where due), AMC10 DHR, HR

BBO Gold, USABO 2x HM :(( i trolled too much on this

Math modeling competition awards (pretty decent)

National cybersec awards

More cybersec awards","Prestigious selective summer research program (think BU RISE Intern/Garcia/RMP)

Internship at t25 in comp bio in niche topic 

Internship at federal agency in same niche topic 

Research w/ Wolfram 2x - 1) same niche topic and 2) other comp bio topic

Co-founder of nonprofit w/ reach across the country; impacted >30,000 attendees and raised a lot of money"
"1540 SAT (750 eng, 790 math)",GPA 4.0,"NCTE writers award, superior (international)

ACSI writing award, notable superior (international)

AP International Diploma

3,500 Pounds scholarship from Immerse Essay Competition (global)

ACSI DCHSS","Service Project – Nursery Renovation (1.7k dollars Fundraised) (11-12)

Theater & Dance Leadership (9-12)

Founder & Leader – High School Dance Club (10-12)

Chief Editor – The Quill (School Magazine) (11-12)

Chapel + School Events Coordinator ((9, 11-12)"
SAT: 1550 (780M / 770R),GPA: 3.92 UW,"Research poster at national conference (didn't win awards)

PVSA Gold

AP Scholar w/ Distinction

Some local/state science and school leadership awards","Founded a student research org connecting HS students with medical research mentors; ran workshops and helped students submit abstracts

Research intern at a university lab (neuroscience related); contributed to abstract + poster that was later presented at a conference

Bibliometric analysis research in neurodegenerative disease with organization; second authorship of poster, abstract, and oral presentation

Physician shadowing (IM + neurology)

President of Science Olympiad"
"SAT 1130  (640 math, 490 r&w)",GPA (UW/W): 4.00,"Valedictorian

PVSA Gold

PVSA Silver

AP Scholar","President of Computer Science Honor Society

President of Computer Science Club

Vice President of AASU (African American Student Union)

Student Council Vice President + Executive

Volunteer at CS Tutoring nonprofit for under-resourced high schools w/ 300+ volunteering hours

UNICEF Student Representative"
"SAT: 1530 (740 RW, 790 M)",GPA (UW/W): 3.8 ,"National youth excellence recognition

Made national camp in my country (top 50) for International Economics Olympiad

Top 50 intl business case comp

Another National youth award for ec 1

School subject award","Partnered with an existing ngo, raised 20k, impacting 1k kids

Worked on organizing team for finance conference, 20k attendees, Fortune 500 executives and government speakers

Cultural event planning, 10k attendees

Econ club, partnered with billion-dollar firm

Finance Internship

Business, 15k revenue

Volunteering

TikTok, 30m views, 40k followers"
"SAT: 1450 (740 M, 710 RW)

",GPA (UW/W): 3.9,AP Scholar,"Tutoring college students, y'all know me
FTC Robotics
Latin Honors Society"
SAT: 1520 (750 RW 770 M),GPA: 3.96 UW,"Rural/Small Town Recognition (College Board)

AP Scholar with Distinction

Bausch+Lomb Honorary Science Award","Odyssey of the Mind: 10-12

*Rho Kappa: 11-12, President 12

*NHS: 11–12, VP 12

*Varsity XC: 10-12

*StuCo: 10-12"
"SAT I: 1520 (740 RW, 780 M)",GPA (UW/W): 4.0,"CyberPatriot Top 10 Open Gold Division Semifinals Round

3rd Place at College Level Cybersecurity Competition (Won $500 in a team of 3)

National Merit Commended Student

AP Scholar with Distinction

Outstanding Student in Cybersecurity","Cashier at family restaurant - I work 10-15 hours weekly during the school year on weekends and 25-30 hours weekly during the summer.

Owner of online Discord community server with 90,000+ members

Quiz Bowl Member

Symphonic Band 2nd Chair Bb Clarinet - The band received 3 Superior ratings on all 3 prepared pieces and a Superior rating on our sight reading piece at our local band festival.

National Technical Honor Society Member

BigFuture Ambassador"
"SAT I: 1500 (720 RW, 780 M)",GPA 3.9 UW,"Dean's Award School (Community building award at school, only one per year), 
Scholastic Gold Key,
United States Youth Senate Program Nominee,
Academic High Honors,
AP Scholar w/ Distinction","Debate/Speech 10
Internship 12 Break 10 hr/wk
Social Justice 9, 10, 11 Year 1 hr/wk"
"SAT: 1510 (800RW, 710M)",GPA (W): 3.97,"First Place @ Large Regional (European) Debate Comp

History Bee Awards (Champion in JV Bee & Varsity Bowl)

QuestBridge College Prep Scholar & National College Match Finalist

Scholar for a conservatory scholarship that funds my piano studies.","3-Yr President of DEI Committee, led strategic goals, teacher workshops, inclusive curricula, weekly meetings.

Student Council Co-President, represented 600+ students, manage & fundraise $20,000 budget, organise events, liaise with admin.

History Bee & Bowl, organised, trained, and lead 4 JV and Varsity teams, planned & hosted tournaments etc.

Debate Team Captain, teaching 20+ students various styles of debate & planning tournaments.

Conservatory-Level Piano, classically-trained pianist, 10+ years, 3 yrs jazz improv, music theory, interned at one of Europe's largest opera houses.

MUN 4-Yr Delegate"
"SAT: 1450 (740 M, 710 RW)
",GPA: 3.97 UW,"Ambassador at National Federation of High School Sports Summit

City Wrestling Champion 3x

AP Scholar","Legal Advocacy/Hispanic Culture Club (2 yrs): Co-President, testified in state general assembly, invited to summit by Secretary of Education in 2024, worked on advocacy to change education policy, led workshops and cultural events

Youth Ambassador for United State Dept. of State: Cultural/service exchange program in Latin America

Varsity Wrestling: 4 yrs, Captain 2 yrs, 3x City champion, 2x school mvp

Community Service: Meals on Wheels program"
"SAT: 1510 (800RW, 710M)",GPA (UW/W): 3.90,"Neuroscience Research Innovation Award

Culinary Arts and Cultural Preservation Award

Cognitive Science Olympiad Achievement Award

Mental Health Advocacy Leadership Award","Brain-Computer Interface Research Assistant. Assisted senior researchers in developing and testing a novel brain-computer interface. Conducted literature reviews, analyzed EEG data, and presented findings at a regional neuroscience conference, contributing to a 15% improvement in the interface's accuracy.

Multicultural Food Festival Organizer. Spearheaded a school-wide multicultural food festival showcasing diverse cuisines. Recruited 20+ student chefs, managed logistics, and raised $500 for the local food bank, fostering cross-cultural understanding among 300+ attendees."
"SAT: 1540 (840RW, 700M",4 GPA,"Pianist for 12 years, have a significant amount of international and national awards, involved in Broadway orchestras and similar ones

Internship at a local private equity firm, created official investor decks and attracted clients.

Junior Executive Board Officer at a NPO, created a music program for Ukranian refugees, organized events with senior homes","2 business-oriented summer programs, won a strategy competition in one of them

Travel and scenery photographer, 5,000+ followers on Instagram

President of a student-led community service club, donated over 2,000 pounds of food and ~200 gift boxes

SAT tutor for 20+ students"
"SAT: 1530 (740 RW, 790 M)",GPA (UW/W): 4.0,"U.S. Physics Olympiad Semifinalist (probably strongest award)

Jazz Band Cultural Fusion Award (tied this well into my essays)

Soccer Team Most Valuable Player (lol)

Some other smaller merit awards","Robotics Club. Led a team of 25 students in designing and building robots for regional competitions. Secured $500 in funding through grant writing, increasing the club's budget by 25%. Improved robot performance scores by 30% through innovative programming and design modifications.

Science Olympiad Team. Captained the school's Science Olympiad team, achieving 2nd place in the regional competition. Mentored 10 new members, increasing team participation by 40%. Specialized in physics-related events, scoring in the top 10% at the state level."
"SAT I: 1540 (750RW, 790M)",GPA (UW/W): 3.94,"Orchestra Director's Award (11th)

Scholastic Art & Writing Award Gold Key & American Voices Nominee (10th)

1st Place Instrumental Music: Classical and 1st Place Written Poetry @ District-level ACT-SO (11th)

National African American Recognition Program (11th)

HOSA Bronze Barbra James Service Award (10th)","School Orchestra (9th-12th; 4.5hr/wk, 35wk/yr) - President (12th), Vice Pres (11th); ""Directing [#] students by leading rehearsals, individually guiding, and organizing concerts; earned Director's Award and Superior District Solo""

Local External Youth Orchestra (11th-12th; 3.25hr/wk, 25wk/yr) - 2nd Chair Contrabassist; ""Led [#] other bassists in the highest youth orchestra by educating them on technique, making piece decisions, and performing with [regional professional orchestra]""

Creative Writing Club (11th-12th; 3hr/wk, 20wk/yr) - President & Founder; ""Founded local writing community by organizing meetings, creating competitions, advertising events, & doing peer reviews to foster well-rounded pupils""

School MUN (10th-12th; 2.5hr/wk, 41wk/yr) - Treasurer (11th-12th); ""Tracking payments, creating deadlines, & contacting members to manage club finances and conference registrations; 3rd place delegate at [regional conference]"""
"SAT I: 1560  (770RW, 790M)",GPA (UW/W): 4.0,"U.S. Physics Olympiad Semifinalist (probably strongest award)

Jazz Band Cultural Fusion Award (tied this well into my essays)

Soccer Team Most Valuable Player (lol)

Some other smaller merit awards","Robotics Club. Led a team of 25 students in designing and building robots for regional competitions. Secured $500 in funding through grant writing, increasing the club's budget by 25%. Improved robot performance scores by 30% through innovative programming and design modifications.

Science Olympiad Team. Captained the school's Science Olympiad team, achieving 2nd place in the regional competition. Mentored 10 new members, increasing team participation by 40%. Specialized in physics-related events, scoring in the top 10% at the state level.

Community Spanish Tutoring. Provided weekly Spanish tutoring to 15 elementary school students from low-income families. Improved students' Spanish proficiency by an average of one grade level within six months. Developed customized lesson plans tailored to individual student needs.

School Jazz Band. Performed regularly with the school's jazz band at school events and local festivals. Introduced Latin rhythms into the band's repertoire, enriching the musical diversity. Led the percussion section, improving the band's overall rhythmic precision."
"1510 SAT (720 RW 790 Math)
",GPA (UW/W): 4.0,"PVSA Gold (11th grade)

[state] SkillsUSA Healthcare Knowledge Bowl – Bronze (10th grade)

[ZZZ town organization] scholarship $500 (11th grade)

[state] FBLA State Qualifier Healthcare Administration (11th grade)

[state] HOSA 8th Place (10th grade)","School Math League Secretary (12th), Officer (11th)

School Newspaper Club Editor in Chief (12th), Editor (11th)

Cashier at [XXX] (9th, 10th, 11th, 12th)

Work at Kumon (11th, 12th)

Volunteer at [ZZZ town organization] (9th, 10th, 11th, 12th)

"
"SAT I: 1480 (760RW, 720M)

",GPA (UW/W): 4.0,"Outstanding Contribution to Neuroscience Research Volunteering (UCLA)

Vietnamese-American Cultural Ambassador Recognition (state)

Academic Excellence in Multicultural Studies (national)

Debate award","Assisted Dr. Emily XXXX at UCLA's Anthropology Department, focusing on urban cultural studies. Conducted interviews with 50+ Vietnamese-American families in Little Saigon, analyzed qualitative data to identify cultural preservation patterns, and presented findings at a regional anthropology conference. Enhanced research skills and cultural understanding.

Founded a choir program at a local convalescent home, teaching residents songs from various cultures. Led weekly sessions, improving residents' emotional well-being, memory, and social interaction. Organized monthly performances that increased resident engagement by 40% and fostered intergenerational connections.

Spearheaded a peer mentoring program at school, providing emotional support and guidance to freshmen struggling with mental health issues. Organized weekly group sessions focused on stress management and coping mechanisms, resulting in a 30% decrease in reported anxiety among participating freshmen.

Created and led ""Dance for Dialogue,"" a series of dance workshops for underprivileged youth at the local community center. Used dance as a medium to explore cultural identity, promote self-expression, and build confidence. Organized a final performance showcasing the participants' talents to over 100 audience members."
"SAT I: 1560 (770RW, 790M)", ⁠GPA (UW/W): 99.18/100,"Student government (9)

⁠TA at local language school (11,12)

⁠MUN secretariat (9,12)

⁠Founder of medical club (11,12)

⁠Leading flutist of school band (9)

⁠Founder of multicultural club (10,11,12)","Student government (9)

⁠TA at local language school (11,12)

⁠MUN secretariat (9,12)

⁠Founder of medical club (11,12)

⁠Leading flutist of school band (9)

⁠Founder of multicultural club (10,11,12)"
"SAT I: 1530 (760RW, 770M)",GPA: 3.93 UW,"Biology Merit Award

Physics Merit Award

High Honors Achievement award (All 4 years)","Musician and record label owner

Wrestling Captain

Track and field Captain

President of Bowling Club

Volunteering helping elderly with solar panels

Restoration work of a corvette

Class Clown"
"SAT I: 1510 (740RW, 770M)",GPA: 4.0 UW,None,"volunteering at hospital

they don't really have ECs internationally, especially not back then"
"SAT I: 1500 (720 RW, 780 M)",GPA: 3.8 UW,"AP Gov

AP Lang, AP Comp Sci, AP Stat, APES 

Sophomore: AP Physics, AP World 

Freshman: AP Human Geo","Wharton Global High School Investment Competition – team member 

Created a stock price prediction app (Python, yfinance, pandas, scikit-learn, matplotlib)

FBLA member • Sports Editor, school newspaper 

Outreach Lead, Robotics Team – team won Connect Award "
"SAT I: 1510 (750 RW, 760 M)",GPA (UW/W): 3.98,"2 Gold Medals (National Latin Exam), 1 Silver Medal

2 Silver Medals (National Roman History Exam)

1 Silver Medal (National Etymology Exam)","Certamen Team (founded a Classical trivia team that made it to semi’s at Yale, UPenn, and Princeton competitions)

Latin Honors Society VP

Latin Club President

Art Honors Society Officer

Art Club Officer"
"T I: 1550 (770RW, 780M)",GPA (UW/W): 4.0,Nothing of note,"List all extracurricular involvements, including leadership roles, time commitments, major achievements, etc."
" SAT: 1450 (720RW, 730M)",GPA (UW/W): 3.7,"9 APs:

5 on Bio, Stats, CS A, HumGeo

4 on Calc BC, Both Englishes, Euro, and Physics 1","Running one of the largest inter-school Hackathon in the Northern Emirates

Research Paper done with high ranking officials on Economic Decisions, created a prediction + regression model

Non Profit Organisation: Promoted from Volunteer to Head, organised food for labour workers (1500+)

Digital Banking internship at StateOwned Bank

Shadowing Experience with Engineers working on Private Planes"
SAT: 1530 (790 M/740RW),GPA (UW/W): 3.9,"5x aime, was very close to usamo rip (still crashing out abt this help)

poster at symposium + oral at seminar + 2nd author pub (lowk a shitty journal by IF but peer reviewed/credible ofc) from EC #1

5 published case reports (1st author) in cureus, got the cases from an intl rads doctor and he let me write them up

1st author paper in review (mid journal) from EC #4

scioly state awards (1st many times over the years, never went to nattys tho ","Sport - broke a bunch of really old school records (not recruited though), basically self coached but still a team captain

STEM senior elective research project: (not with a college Prof nor published) super niche - made TXSEF though

Policy debate - joined as a senior, made state and had a really good record

UIL Academic competitions - STEM events - 8x regional qualifier but never made it past that

Founded a chapter of Science Natl Honor Soc with a few friends, we only had like 20 members though

Math and Regular National Honor Soc for 2 years"
SAT: 1520 (750 RW 770 M),GPA (UW/W): 4.0,"Grand Prize Winner for a statewide concerto competition across all instruments, won $1k and a solo with my state symphony orchestra

1st Chair All-State clarinet for 2 years in a row (10th & 11th grade)

1st Prize for a Southeast Asia Mathematics Olympiad

National Merit Semifinalist

National Youth Orchestra 2 Alternate","1st Chair Wind Ensemble (2 years): Marching Band & Wind Ensemble Soloist ('24, '25 & '26), Outstanding Sophomore Musician '24; Outstanding Wind Ensemble Member '25

Hourly research assistant at my local university's robotics lab, where I developed UI/UX and other software for interfacing w/ robots

Webmaster & web designer on the global executive board for a 501(c)(3) nonprofit

Competitive programming captain, won 3rd place at a small regional competition

Varsity XC & Track Runner: 3x state qualifier"
"SAT: 1480 (740 RW, 740 M)
",GPA: 3.8 UW,"Summer Startup Pitch Competition - 3rd place

Governor’s Scholar Program

AP Scholar with Distinction

Seal of Biliteracy for Vietnamese

HOSA SLC - Job Seeking Skills 2nd","Founded Nonprofit supporting Vietnamese American Youth. Taught 100+ kids weekly for 5+ years dance and language showcasing talents across state. Raised 10k to support cause.

Key Club District Bulletin Editor. Directed communication for 5000 students across 150 high schools; managing / Designing social media & websites.

Asian Student Community President, Largest in State

Key Club President - 200+ members with 2500+ hours of community service.

Class Treasurer - Manage 20k in funds, elected against 30 others"
"SAT: 1540 (800M, 740RW)",GPA: 3.92 UW,"Research poster at national conference (didn't win awards)

PVSA Gold

AP Scholar w/ Distinction

Some local/state science and school leadership awards","Founded a student research org connecting HS students with medical research mentors; ran workshops and helped students submit abstracts

Research intern at a university lab (neuroscience related); contributed to abstract + poster that was later presented at a conference

Bibliometric analysis research in neurodegenerative disease with organization; second authorship of poster, abstract, and oral presentation

Physician shadowing (IM + neurology)

President of Science Olympiad

AP Biology TA / peer tutor"
"SAT: 1450 (740 M, 710 RW)",GPA: 3.9 UW,"AP Scholar, etc.","FTC Robotics

Two teams, captain of both, mentored the freshies, y'all feel me??

Latin Honors Society

Be doing that volunteer stuff, heh, Flavia est Puella, some shenanigans"
SAT I: 1590 (800M/790RW),GPA: 4.0 UW,"Several state-level robotics awards, qualified for Vex worlds for the first time in the history of my school

AIME qualifier (3x), 1st place in my district in a math competition in 10th grade. USAMO index of 233.5.

School award for best math student (10,11), first 10th grader to win the award in the history of the school

Several state-level science team awards

2x Bronze medal and 1x Gold medal on the National Spanish Exam","Senior Class Rep (10,11,12)

Robotics Team: Programming Lead and Co-Captain (9,10,11,12)

Paid software engineering internship at music tech/AI startup (12)

380 hours of volunteering doing IT for my church (9,10,11)

Paid 1099 contractor doing web design (12)

Made an open-source music production software (10,11)

Worked at a movie theater (9, 10)"
"1510 SAT (720 RW 790 Math)
",91.447/100 GPA,"PVSA Gold (11th grade)

[state] SkillsUSA Healthcare Knowledge Bowl – Bronze (10th grade)

[ZZZ town organization] scholarship $500 (11th grade)

[state] FBLA State Qualifier Healthcare Administration (11th grade)

[state] HOSA 8th Place (10th grade)","School Math League Secretary (12th), Officer (11th)

School Newspaper Club Editor in Chief (12th), Editor (11th)

Cashier at [XXX] (9th, 10th, 11th, 12th)

Work at Kumon (11th, 12th)

Volunteer at [ZZZ town organization] (9th, 10th, 11th, 12th)

Shadower at [AAA doctor's office] (12th)"
FAT 1540,GPA (UW/W): 4.0,"QuestBridge Finalist

CyberPatriot - 2nd Place Gold Tier (State)

PicoCTF - Top 8% Globally

Science Olympiad - Regionals 3rd Overall, 1st Electric Vehicle

College Prep Scholar

Best of School - Cyber

Best of School - AP Lit","National Lab - Cybersecurity research intern, 2 summers

Cybersecurity Club - President (10-12)

Robotics Club - VP (10-12)

Science Olympiad - Co-President (11-12)

Key Club - 140+ volunteer hours

Work - Chick-fil-A, 16-20 hrs/week (only 1 year)

CompTIA certifications (A+, Network+, Security+)"
1340 SAT ,GPA (UW/W): 4.0 UW,"9th best speaker in World Schools Debate at the 2025 NSDA National Debate Tournament.

National Speech and Debate Association (NSDA) Academic All-American Award (2x)

National Federation of High School Associations High Academic Honors. (2x)

MVP of Debate Award. (2x)

Wolfie Award (Leadership award handed out to 20 out of 1500 students) (In hindsight, this is highkey so lame lmao)","Speech and Debate: Won numerous tournaments; all-state twice (Top 4 at state). Placed 9th and 5th at nationals. I was essentially an assistant coach for our policy debate squad, where I helped teach novices and write arguments for our team. The majority of my time at practice was devoted to helping my teammates. I also serve as debate's representative for our activities council (Our school's version of ""team captain""). Speech and debate has undoubtedly shaped me into the person I am today, and is by far my most valued activity and the one I am most proud of.

Worked as a manager of an ice cream shop for two years.

DECA: Chapter president, Won 2 state championships; qualified for international competition twice. Created a mentor program for newcomers.

Senior class president"
"SAT I: 1480 (760M, 720RW)",GPA: 4.0 UW,"Jackson Laboratory Achievement Award (1st place in state health app competition)

Junior Achievement Award (State finalist for AI Innovation pitch)

QuestBridge College Prep Scholar

AP Scholar Award","Family responsibilities (my biggest commitment): household management, cleaning, cooking, errands, chores, and taking care of siblings.

Machine Learning & AI: building apps and projects solo/team (ex. 1st place state health app, regional AI lawyer pitch).

Independent STEM learning: self-studied multivariable calculus, linear algebra, statistics, physics, and applied concepts to projects.

Video editing for entrepreneurial pitches and competitions: often linked to my AI/ML work and sometimes just for fun."
"SAT: 1500 (750RW, 750M)",GPA (UW/W): 4.0 UW,"FBLA Nationals 8th Place - 11th grade

QuestBridge College Prep Scholar - 11th grade

Mock trial county champion - 11th grade

AP Scholar w/ Distinction - 11th grade","Mock trial - school co-president, ~6 hours/week, 2x state finalist/county champion

FBLA - school VP of competitions, ~6 hours/week, 8th place at nationals + 2nd place at CA state my junior year

District attorney's office summer internship - ~20 hours/week, collaborated with prosecutors preparing for misdemeanor cases in court

NHS - school president, ~2 hours/week

Gilder Lehrman Institute Student Advisory Council - ~1 hour/week"
SAT I: 1560,GPA (UW/W): 4.0,"U.S. Physics Olympiad Semifinalist (probably strongest award)

Jazz Band Cultural Fusion Award (tied this well into my essays)

Soccer Team Most Valuable Player (lol)

Some other smaller merit awards","Robotics Club. Led a team of 25 students in designing and building robots for regional competitions. Secured $500 in funding through grant writing, increasing the club's budget by 25%. Improved robot performance scores by 30% through innovative programming and design modifications.

Science Olympiad Team. Captained the school's Science Olympiad team, achieving 2nd place in the regional competition. Mentored 10 new members, increasing team participation by 40%. Specialized in physics-related events, scoring in the top 10% at the state level.

Community Spanish Tutoring. Provided weekly Spanish tutoring to 15 elementary school students from low-income families. Improved students' Spanish proficiency by an average of one grade level within six months. Developed customized lesson plans tailored to individual student needs.

School Jazz Band. Performed regularly with the school's jazz band at school events and local festivals. Introduced Latin rhythms into the band's repertoire, enriching the musical diversity. Led the percussion section, improving the band's overall rhythmic precision.

Also interned at a local tech company and did research at a local uni"
"SAT I: 1540 (750RW, 790M)",GPA (UW/W): 3.94,"Orchestra Director's Award (11th)

Scholastic Art & Writing Award Gold Key & American Voices Nominee (10th)

1st Place Instrumental Music: Classical and 1st Place Written Poetry @ District-level ACT-SO (11th)

National African American Recognition Program (11th)

HOSA Bronze Barbra James Service Award (10th)","School Orchestra (9th-12th; 4.5hr/wk, 35wk/yr) - President (12th), Vice Pres (11th); ""Directing [#] students by leading rehearsals, individually guiding, and organizing concerts; earned Director's Award and Superior District Solo""

Local External Youth Orchestra (11th-12th; 3.25hr/wk, 25wk/yr) - 2nd Chair Contrabassist; ""Led [#] other bassists in the highest youth orchestra by educating them on technique, making piece decisions, and performing with [regional professional orchestra]""

Creative Writing Club (11th-12th; 3hr/wk, 20wk/yr) - President & Founder; ""Founded local writing community by organizing meetings, creating competitions, advertising events, & doing peer reviews to foster well-rounded pupils""

School MUN (10th-12th; 2.5hr/wk, 41wk/yr) - Treasurer (11th-12th); ""Tracking payments, creating deadlines, & contacting members to manage club finances and conference registrations; 3rd place delegate at [regional conference]"""
SAT I: 1500,GPA (UW/W): 3.89,"PVSA Gold

RIT Award

AP Scholar w Distinction

National Merit Commended

Local business award for entrepreneruship","Non Profit : raised 25k partnerships as well and featured on the news

Non Profit 2: raised 1500 few partnership less impact

Website: made a website on the same niche as EC1 partnered with like 5 universities

Intern at a family office investment firm

research at a t20

research at a t200

rest were like leadership for clubs and cultural organizations"
SAT I: 1520,GPA (UW/W): 4.00 UW,"AP Scholar w/ Distinction

Principal’s Award (school-wide award, gpa-based)

Artwork featured at district art gallery

$100 stipend for finding a game bug (not really an award but I legitimately had nothing else to add lmao)","This was definitely one of the weaker components of my application. I held no leadership in school, and I was really only apart of 1 club all throughout high school. I didn’t do any fancy summer programs (like MITES, SSP, etc), research, internships, etc., so I am really an outlier from everyone else here. Summary: Roblox game developer w/ 50k+ players, Independent study and translation of [redacted, philosophical/religious texts], Co-Founder of an online e-sports community, YT channel with less than 1k subs, and CSF (California Scholarship Federation) club member at my school. I also worked at a restaurant outside of school to help the family pay bills, and I had other family responsibilities that I mentioned in my QB app that I'd rather not divulge."
SAT: 1510,GPA (UW/W): 3.45,"Worldwide 8th Place Overall Finish at [INTERNATIONAL OLYMPIAD]

International Research Finalist, Paper on [ACADEMIC TOPIC]

Presented at National Conferences, Invitation to Speak at 2024 [CONFERENCE]

Nationally Certified and Professionally Licensed in [SKILL] and [SOFTWARE]

2022 International [ACADEMIC] Competition, 3rd Place","Represented USA at [INTERNATIONAL OLYMPIAD]

Published Researcher in [MULTIPLE ACADEMIC SUBJECTS]

Indian Classical (Carnatic) Violinist 

Developer of [ML MODEL] and did research on an applied subject 

Founder of [REDACTED], a storytelling blog

Author of [REDACTED], an analysis book

Creator and Developer of [REDACTED], a web-based game

Software Engineering Intern at [STARTUP]"
"SAT: 1500 (750RW, 750M)",GPA (UW/W): 4.0,"Performed at a national music conference

Math competition 2nd place (team)

Local scholarship

3X region orchestra","Leadership in music non-profit (originally a member but got promoted)

Leadership in another music non-profit

Concertmaster of pit orchestra in school musical

Section leader in competitive youth orchestra

CFO of mock business in summer program"
SAT: 1420,GPA: 3.92 UW,"Winner – Codefinity Mathematics Hackathon (National)

**Second Runner-Up – National Cyber Olympiad (**National)

Winner – Web Development Competition (UTC) (State/Regional)

Student of the Year – CBM College

Selected for Rising Leader program (3% acceptance national)","Co-founder & Lead Designer – DG Lytix
Built online presence for 10+ businesses; created 25+ high school internships.

• Vice President – CBM College Tech Club
Led 150+ members, organized 11 tech events, including a Microsoft flagship event & web-dev boot camp.

• Digital Marketing Intern – CBM College
Produced 30+ TikToks (10M+ views); gained 7k followers in 60 days; revamped college website.

• Digital Marketing Intern – Bhoj Deals Nepal
Worked on 5+ campaigns; helped drive 35% engagement increase.

• Interact Club of Kathmandu (IT Team → Mentor)
Led design workshops for 100+ students; mentored 30+ members.

• Organizing Committee – The Runway Career Connect
Managed marketing for Nepal’s largest mentorship event (4M+ views; 8,000+ participants)."
SAT: 1460,GPA: 3.95 UW,"Create Apps Championship Finals - International Finalist (Top 12 out of 4,800+ teams) - International

CBSE UAE U17 Chess Champion - Qualified for International Finals - International

FIRST LEGO League - National Finalist & Silver Medal in Innovation - National

AI Olympiad - UAE National Finalist (Top 8) - National

Unified Robotics - UAE National Finalist, Regional Best Presentation & Top 3 Technical - National","Co-founder, CEO, Lead Developer & Programmer | Productivity Non-profit (11th-Present)

Productivity non-profit developing desktop/mobile apps and browser extension to fight procrastination using AI technology; 25+ interns, 700+ users.

Lead AI/ML Intern | Dyne Research

Developed a deep-learning model for brain tumor detection in medical images; achieved 96% accuracy, surpassing the 90% benchmark.

Research Programs Participant | Cambridge Centre for International Research & ThinkingBeyond

CCIR: Researched real-time low-light image enhancement for robotics (Published in NHSJS). BeyondAI: Researched and built a model for satellite trajectory prediction and collision detection.

Team Lead | New York Academy of Sciences

Led the development of an AI deepfake detection model; integrated community feedback to improve accuracy from 92% to 95%.

Participant | Harvard Undergraduate Venture Tech Program

Interned at an energy management startup; created a prototype for a wind energy prediction AI model with an R-squared value of .997.

Team Lead | FIRST LEGO League, Unified Robotics, World Robot Olympiad

Led school team to national finals in three competitions; coached and collaborated with students with disabilities for the Special Olympics Unified Robotics event."
SAT 1470,GPA (Weighted): ~98.36,"Black Belt Martial Art

1st place - Meter Free Swimming

2nd place Meter Back - Swimming

1st place meter - Butterfly Swimming","Swim

I train every day, and I competed in four categories, winning a first place

and two third- place finishes.

Computer/Technology

Accounting assistant, ITFORZE

During summer 2025, I worked as an accounting assistant, capturing transactions in their ERP system. 

Creative / Arts"
SAT 1560,GPA 95/100,"Selected as 1 of 5 guests by the governor to the [state bill] signing ceremony for being the Key Advocate

WA Edu. Dept. (OSPI) declared the book and posters I designed as official edu. materials

Top 5% in [philosophy contest], internat'l philosophy writing, 10,000+ submissions

Scholastic Art & Writing: Silver Key Photography, 2 Hon. Mention Design, 3 Hon. Mention Photography

Awarded Best Youth Host for bilingual [radio station show]; viral clips hit 1M+ views worldwide","Key Advocate for state bill: Led 3-year campaign for [state bill] passage; designed campaign materials; lobbied; testified; canvassed; organized events; raised awareness

Project Leader, Coordinator, and Editor: Led 12 student team to design history book; praised by governor and declared by WA Edu. Dept. (OSPI) as official edu. material

Product Design Lead Intern: Manage projects for CEO – producing user-centered designs, performing competitive market analysis for teen consumers, building business profile

Paid Design Freelancer: Designed apps and graphics for nonprofits, businesses, and individuals; connected 500+ clients with designers through a thriving online community

Senate Page: 1 of 10 elected to serve as WA Senate Page; assist Senator XXX with legislative tasks; work on Senate floor; learn about legislation

Chinese radio station host: Achieved 1M+ total views on social media for weekly radio show for Chinese immigrants sharing cultural insights, news, discussion, interviews

Coauthor, Editor, and Book Jacket Designer: Published a book compiling 100 popular English and culture broadcast episodes from the past 6 years by my radio cohosts and me

Student, John Locke Summer School: Studied philosophy, politics, and economics; competed in debates about global issues like trade, human rights, inequality, and policy solutions

Creative Director, School Merch Shop: Established and manage merch shop; lead student designers; oversee product vision & execution for events/clubs; support sales; $1000+/year in revenue

Team Member at fast food place: Provided excellent customer service and ensured smooth operations, gaining experience in teamwork and managing a fast-paced business."
SAT 1340,GPA (UW/W): 3.53,"International STEM Bridge Builder Award (got this for my engineering club and I really pushed the trope of “building bridges” in my essays)

Nara Prefecture Global Ambassador Scholarship

Digital Education Innovation prize (for my swimming club app)","Founded school’s first engineering club, built bridges (metaphorically and physically lol) 

Made a mobile video game that earned 1000$ a month. Honestly crazy money never expected that.

Swimming club: taught students how to swim and made an app to keep them motivated. 

Some random cultural exchange activities with internationals"
SAT 1480,GPA (UW/W): 4.00 UW,none,"volunteering at hospital

they don't really have ECs internationally, especially not back then"
SAT 1540,GPA: 3.9 UW,none,"Captain of Varsity Dance + awards, Vice President of NHS, Secretary of Student Government, 2 years Unified Club, 50+ volunteer hours"
SAT 1550,GPA: 3.8 UW,"Safeties: Missouri State, University of Missouri (Mizzou) • Targets: Auburn, Florida State, Indiana (Kelley), Michigan State, Minnesota Twin Cities,","Wharton Global High School Investment Competition – team member • Created a stock price prediction app (Python, yfinance, pandas, scikit-learn, matplotlib)"
SAT 1530,GPA: 3.3 UW,"Senior year: AP Calc AB, AP Econ, APUSH, AP Psych • Junior year: AP Gov, AP Lang, AP Comp Sci, AP Stat, APES • Sophomore: AP Physics, AP World • Freshman: AP Human Geo","FBLA member • Sports Editor, school newspaper • Outreach Lead, Robotics Team – team won Connect Award • Started a lawn mowing business ($1,000+ profit) • National Honor Society + 25+ volunteer hours • St. Louis Changemakers Program – selective leadership/fellowship program (27 students across greater STL) • Helped local temple set up and run fundraising events"
"SAT I: 1510 (750 RW, 760 M)",GPA (UW/W): 98/100 UW,"AIME Qualification

Two non-important or prestigious awards that I won’t list as they’re too specific. 

PVSA Gold

AP Scholar with Distinction","Certamen Team (founded a Classical trivia team that made it to semi’s at Yale, UPenn, and Princeton competitions)

Latin Honors Society VP

Latin Club President

Art Honors Society Officer

Art Club Officer

Private Latin Tutoring (3+ Students)

Varisty Fencing (4 years, +2 years Captain)

Part time job (Restaurant, Senior year only)

Community Volunteer Work (Church, 50+ hours)

#10 Shadowed at an antiquities auction house (Senior Year, 2 weeks over the summer)"
"SAT: 1560 (770RW, 790M)",GPA (UW/W): 4.0,"Scholastic Art and Writing Gold Key

Literally can't think of anything else","Workgroup Leader for Alzheimer’s Initiative with State Department of Health Services

Research Intern for 2 years @ Big Institution Nearby (Published as a mid-author, high-impact paper)

Political Advocate and Fundraiser (X00,000 raised with a 20-person-team) at a national Alzheimer’s nonprofit

Founder of Health-Focused Podcast and Blog - global audience of 1000+ listeners, 2800+ readers

International Online Dementia Conference Organizer"
"SAT: 1540/1600 (750 r, 790 m)",GPA (UW): 4.00/4.00,"#1 Gold President's Volunteer Service Award

#2 High School Head of School's List

#3 Some international and regional photography awards

#4 AP Scholar with Distinction","Medical Scribe and Shadow

HOSA VP (qualified to internationals 2x)

ICU Volunteer 

Debate Membership Chair

STEM Club Co-Founder"
"SAT: 1520/1600 (750 r, 770 m)",GPA (UW): 3.87,"National Latin Exam: Magna Cum Laude (10, 11)

President's Education Awards Program (9, 10, 11)

Head of School's List: High Honors & High Honors w/Distinction (9, 10, 11, 12)

National Honor Society (11)

Fine, Creative, & Performing Arts (School-based) (11)","Boy Scouts

NHS

CS Club

Robotics

Music Organization Volunteer

Swim Team"
"SAT : 1540 (760RW, 780M)",GPA (UW/W): 3.52/4,"National Center for Women & Information Technology National HM and Montana Winner (‘25)

NCWIT Montana Winner (‘24)

Montana State Dean's List for FTC Robotics and became international finalist (‘24)

Advisory board member of local STEM nonprofit - giving scholarships to clubs and students in science fair and robotics

Philip Sousa Music Award winner (‘25)

Carson Scholar Community Service and Leadership Winner (‘24) and Recognized Scholar (‘25)","summer research at med school (11)

hosa (9-12 was treasurer one year)

shadowed doctor and surgeon spring break (11)

biostatistics club (9-12 was VP)

started a finance club (11-12)

volunteering - around 170 hours at local nonprofits (9-12)"
"SAT: 1520/1600 (750 r, 770 m)",GPA (UW/W): 3.96,"national honorable mention from large women in stem org (didn't have this for rea/ea/ucs)

top honor from state dept of education for independent ai research

DECA state finalist (top 8) in one event

DECA state finalist (top 8) in another event

highest pre-professional piano certification from ABRSM","DECA, vp for 2 years, president for 1 year. led meetings, recruited members, coordinated a lot of chapter events + organized collaborations with local nonprofits. (9-12)

project management intern at fortune 100. got this through a program i had to apply for (12)

cofounder of fundraising campaign for major nonprofit, ran multiple community events and raised thousands + collected hundreds of pounds of crayons for donations + had a few local businesses sponsor us (10-12)

independent ai research, awarded top honor from state dept of education (11)

second author on ai research paper (different from #4), accepted to pretty decent symposium meant for phds (11-12)

code.org ambassador, helped start two code clubs in our school district, consistently ran a coding club for middle schoolers with pretty good membership. also spoke as a panelist at the state capitol in front of legislators (12)

content creation/streaming lmao, very consistent + pretty good viewerbase (10-12)

founded solar boat racing team for women/poc in stem, built a boat that won 2nd in state tournament (9)

FTC programming lead, took team to state semi-finals + won 1st at some qualifiers (9)

1 of the 2 school board student representatives in our district, selected by principal (12)"
SAT: 1540,GPA (UW/W): 3.9 UW ,"Acorn Equality Fund Luke Scholarship for Academic Performance & Financial Need – $1500 (State/Regional, 12)

National Spanish Exam Honorable Mention (National, 10)

Girl Scouts Secret Shopper Award for Sales & Booth Etiquette

Volleyball Most Valuable Player (School, 10, 11, 12)

Girl Scouts Goal Getter, Booth Sales, & Cookie Techie Badges for High Amount of Cookie Boxes Sold (State/Regional, 9, 10, 11)","Girl Scouts at an extremely high level. Sold over $25,000 worth of cookies and went on 3 self-funded international trips. (15 hours per week, 20 weeks per year, 13 years)

Job at a local restaurant. Was the youngest worker and was promoted from dish to front of house. Did basic restaurant work. (15 hours per week, 45 weeks per year, 2 years)

Varsity volleyball captain for 1 year and JV captain for 2 years. 3x varsity letter and led JV team to their most wins in 9 years. (15 hours per week, 20 weeks per year, 4 years)

Participated in a free online business course for high school girls. Created plan, pitch, presentation, and prototype for a real estate venture I created through the course. (5 hours per week, 7 weeks per year, 1 year)

Selective peer mentorship program to mentor incoming students at my high school. Planned group/personal events ranging from 4-65 students. (4 hours per week, 37 weeks per year, 2 years [beginning my senior year seniors were no longer allowed to participate])

Vice President of Spanish Club. Held 2 schoolwide Hispanic Heritage Month celebrations. Learned real estate vocabulary in Spanish. (2 hours per week, 12 weeks per year, 4 years)

Co-President of Economics Club. Prepared students for Economics class at local university. Completed and explained practice problems. (2 hours per week, 32 weeks per year, 2 years)

Author of my blog about new housing listings in my era. Posted once per month about my top 3 listings. Shadowed local real estate agent. (3 hours per week, 12 weeks per year, 2 years)

JV soccer captain for one year. Just basic soccer stuff. (15 hours per week, 20 weeks per year, 4 years)

Director of social media for a breast cancer nonprofit (it literally did nothing LOL). Created ~2 videos per week for TikTok and had 12k+ views in total. (2 hours per week, 45 weeks per year, 1 years)
"
SAT: 1340,GPA (UW/W): 3.91,"#1 First place Engineering at the District's stem fair with a violin and leds, it was pretty local

I played a cool part with the wind ensemble woodwinds once for band.","#1 Was the programmer of a now dead game with 1M+ visits in Roblox, I also did a pretty extensive game with its physics stuff yadayada that i never published but its a lawt of code too.

#2 I built a brushless motor from scratch and did the controller mostly analog

#3 I put my github with a lot of like random programs that I made in my free time like graph visualizers and stuff like that. I was also the president of the Coding club

#4 Vice president of Robotics club

#5 Was president of a chess club which closed pretty early

#6Was the guy that sat next to the concert master in my freshman year"
"SAT: 1450 (740 M, 710 RW)",GPA: 4.0 UW,"National African-American Recognition thingy

1/2 students to get a 5 on AP Lang

highest average in AP Psych

highest scorer on ap psych exam at my school

AP scholar with honors","Internship at a online therapy company during school breaks (20hrs/week, 15 weeks/year, 2 years)

2-year vocational program in Health Science core. Accrued 150+ hours in clinical training, shadowing, and preparing for a CNA and Pharmacy tech certification (did not receive certifications though. The school ran out of funding for the additional programs to receive them.)

3.TA for special education students at our districts pre-school (4hrs/week, 10 weeks/year, 1 year)

4. I’m a TA for a winter-guard class at my school (4 hrs/week, 18 weeks/year, 1 year)

6. Interact club President- donated over 100 shoes, donated Christmas gifts to families, currently working on a hygiene drive to donate and volunteer with Shower Power, and some other stuff

7. School ambassador- we help transfer kids get used to the school and try to get them to be involved

8. Semi-Random EC: Marching band (8hrs/week, 18 weeks/year, 3 years) winter-guard(4 hrs/week, 12 weeks, 2 years) jazz band (4hrs/week, 18 weeks, 2 years) Tennis Co-captain (4 hours/week, 36 weeks, 2 years)

9. Random EC: Anime club Co-President, Beta club, NHS, Spanish club"
"SAT: 1480 (740 RW, 740 M)
","GPA (UW/W): UW N/A, 4.9 W","#1: High Distinction in Law for the John Locke Global Essay competition (11) 

#2: Gold Key in the Scholastic Art and Writing Awards for a critical essay (11)

#3: Third place in the essay category for my state’s History Day competition (affiliated with National History Day) (11)

#4: High Honors for all 10 levels of state music theory exam (9-12)

#5: Silver medals in Economics and Literature in the Honors League at state US Academic Decathlon competition (10)","#1*:* Staff member for my school’s childcare program; looked after kids during days off or school breaks (9-12)

#2: Mentor in several school leadership programs; worked with elementary and middle school students (10-12)

#3: Scholar in the Yale Young Global Scholars Program; participated in the PLE track (12)

#4: Varsity tennis captain (12); team qualified to regional post-season tournament; received awards during the season and at the tournament; mentioned that I work as a tennis camp counselor at my school (9-12)

#5: Varsity volleyball (10-12)/JV basketball captain (11-12); volleyball team qualified to regional post-season tournaments

#6: Cadet candidate at West Point’s SLE (12)

#7: Camp counselor and lab assistant at my school’s science camp (10-12)

#8: Student government club member (9-12); was class president during my freshman/sophomore years and maintained a relatively active role throughout my 4 years

#9: Piano student; took lessons for 10+ years, completed 10 levels of a rigorous music theory exam (took me 5 years to finish them all); won a piano competition in 11th grade 

#10: Club president for my school’s linguistic club; helped students prepare for the annual NACLO exam; spread more awareness about the linguistics field (10-12) "
SAT I: 1590 (800M/790RW),GPA (UW/W): 4.0 uw,"#1 congressional app challenge

#2 2x aime qual

#3 usaco Silver

#4 aps with distinction

#5 nmf","#1 Research at prestigious program, (did not pay for it) 2nd author (only hs student on the paper), accepted to one of {NeurIPS, ICLR, EMNLP}
#2 Independent research at R1 university, 1st author, published in a decent journal
#3 Founder + president of affinity group at school, grew to have 90% of target group
#4 Decently impactful personal projects, received shoutout from local politician
#5 Producer - i just mess around with my friends lmao but one song got like 300k plays on soundcloud
#6 Legos youtube channel with 5k subs (highkey just post whatever on there tho LOL)
#7 Top 300 in state for a sport (not recruited)
#8 Painting - submitted portfolio when allowed
#9 SAT Tutor - tutored 8 kids, improved all their their scores from ~1300 to 1500+ in 2 months
#10 Part-time j*b (Only included cause I could relate it to major)"
"SAT I: 1430(720RW, 710M)","GPA (UW/W): 3.89/4.41
","#1 Honor roll...

#2 AP Scholar with Distinction...","#1 Boxing Club - trained 5 days a week at a local boxing gym.

#2 Local Youth Group - created and led workshops for middle school aged kids that revolved around topics like substance abuse and social justice

#3 NHS - member

#4 Foodbank Community Service ~ 50 hrs

#5 Local Community Service ~ <10 hrs

#6 AAPI Club - member

#7 Guitar - 4 yrs self taught"
"SAT: 1480 (740 RW, 740 M)
",GPA (UW/W): 3.87/4,"DECA 2x State Qualifier

Non-profit recognized by mayor of Dallas

Walmart Grants

AP Capstone

AP Scholars with distinction","Created International 501c3 Non-Profit with 80k raised and 22 chapters in 6 counties

Created internship and scholarship database connecting students with $1.5+ million in scholarships and 300+ business internships

Created AI-Integrated marketing company providing free marketing services to businesses in area

Founder of swim coaching business with 15 students and 15k made

LEGO Reselling business making 10k in revenue

Business research with Texas Tech professor- published

Finance Internship at Canvas partner company

created finance blog for beginners with 300 average readers

Varsity Swimmer and lifeguard"
"SAT I: 1590 (790RW, 800M)",GPA (UW/W): 4.0 UW,"nternational essay competition

PVSA gold

Scholastic art and writing stuff

School award

National journalism award","EIC of school newspaper

Research assistant at a T20 - no pubs

J*b

Lit mag

Math tutor - standard stuff

Writing teacher - worked with kids during classes and camps

Gymnastics - 10 years, not national level or anything just a hobby and did some comps

NHS - pres

Sorta selective summer program

School student gov - minor role"
"SAT I: 1550 (750RW, 800M)",GPA (UW/W): 4.37/4.40,"STS Semifinalist

Regional Research Award

Another Regional Research Award

USACO Gold

Volunteer Award","Summer research program at a R1 university (stipend provided). Independent green chemistry research project conducted at a lab (10-12hr/day for 3 months).

Co-created a CS club to participate in competitions w/ friends, ended up winning a few (4 years)

Volunteering for cultural activity (couple weeks per year, 4 years)

SciOly Officer (no medals 😭) (3 years)

School Math Club Officer (1 year)

Jazz Transcription for fun. Couple hours per week, published some sheet music online (2 years)

Local Volunteer Activity (100hr over 3 years).

Programming competitions and building websites for businesses (4 years)"
"SAT: 1500 (750RW, 750M)",GPA (UW/W): 4.0 UW,"FBLA Nationals 8th Place - 11th grade

QuestBridge College Prep Scholar - 11th grade

Mock trial county champion - 11th grade

AP Scholar w/ Distinction - 11th grade","Mock trial - school co-president, ~6 hours/week, 2x state finalist/county champion

FBLA - school VP of competitions, ~6 hours/week, 8th place at nationals + 2nd place at CA state my junior year

District attorney's office summer internship - ~20 hours/week, collaborated with prosecutors preparing for misdemeanor cases in court

NHS - school president, ~2 hours/week

Gilder Lehrman Institute Student Advisory Council - ~1 hour/week"
"SAT: 1500 (750RW, 750M)",GPA (UW/W): 3.87/4,"Innovative Water Purification Project Award (for the marathon)

Global Engineering Ethics Debate Champion (this was so random lol, I just signed up for some online tournament/event and won)

AP scholar, something else. The awards were probably my weakest section…","Chemical engineering club founder & president: did some cool water science

Clean water marathon: raised $3000 for building water wells

Some other smaller clubs, e.g. cooking club

Chemistry research on a regional level (pretty respected Prof in the field, put in my awards as well)"
SAT: 1420 ,GPA: 3.92/4.0,"Winner – Codefinity Mathematics Hackathon (National)

**Second Runner-Up – National Cyber Olympiad (**National)

Winner – Web Development Competition (UTC) (State/Regional)

Student of the Year – CBM College

Selected for Rising Leader program (3% acceptance national)","• Co-founder & Lead Designer – DG Lytix
Built online presence for 10+ businesses; created 25+ high school internships.

• Vice President – CBM College Tech Club
Led 150+ members, organized 11 tech events, including a Microsoft flagship event & web-dev boot camp.

• Digital Marketing Intern – CBM College
Produced 30+ TikToks (10M+ views); gained 7k followers in 60 days; revamped college website.

• Digital Marketing Intern – Bhoj Deals Nepal
Worked on 5+ campaigns; helped drive 35% engagement increase.

• Interact Club of Kathmandu (IT Team → Mentor)
Led design workshops for 100+ students; mentored 30+ members.

• Organizing Committee – The Runway Career Connect
Managed marketing for Nepal’s largest mentorship event (4M+ views; 8,000+ participants).

• Co-developer – ARBI POS
Built a restaurant management app now used by 45+ restaurants."
"SAT: 1480 (740 RW, 740 M)
",GPA: 95/100,"Selected as 1 of 5 guests by the governor to the [state bill] signing ceremony for being the Key Advocate

WA Edu. Dept. (OSPI) declared the book and posters I designed as official edu. materials

Top 5% in [philosophy contest], internat'l philosophy writing, 10,000+ submissions

Scholastic Art & Writing: Silver Key Photography, 2 Hon. Mention Design, 3 Hon. Mention Photography

Awarded Best Youth Host for bilingual [radio station show]; viral clips hit 1M+ views worldwide","Key Advocate for state bill: Led 3-year campaign for [state bill] passage; designed campaign materials; lobbied; testified; canvassed; organized events; raised awareness

Project Leader, Coordinator, and Editor: Led 12 student team to design history book; praised by governor and declared by WA Edu. Dept. (OSPI) as official edu. material

Product Design Lead Intern: Manage projects for CEO – producing user-centered designs, performing competitive market analysis for teen consumers, building business profile

Paid Design Freelancer: Designed apps and graphics for nonprofits, businesses, and individuals; connected 500+ clients with designers through a thriving online community

Senate Page: 1 of 10 elected to serve as WA Senate Page; assist Senator XXX with legislative tasks; work on Senate floor; learn about legislation

Chinese radio station host: Achieved 1M+ total views on social media for weekly radio show for Chinese immigrants sharing cultural insights, news, discussion, interviews

Coauthor, Editor, and Book Jacket Designer: Published a book compiling 100 popular English and culture broadcast episodes from the past 6 years by my radio cohosts and me

Student, John Locke Summer School: Studied philosophy, politics, and economics; competed in debates about global issues like trade, human rights, inequality, and policy solutions

Creative Director, School Merch Shop: Established and manage merch shop; lead student designers; oversee product vision & execution for events/clubs; support sales; $1000+/year in revenue

Team Member at fast food place: Provided excellent customer service and ensured smooth operations, gaining experience in teamwork and managing a fast-paced business."
SAT: 1260,GPA: 3.98W,"Latin Honor Society

National Honor Society

National Latin Exam Silver","Latin Honor Society - Executive board

Latin Club - Executive board/President

Anti-Racism Club - Co-Founder & Co-President

Service Organization - Executive board

Service Organization - Executive board

Diversity Club - President

Scholastic/Quiz Bowl - JV & Varsity Captain

Rowing - 2.5 years

Work: Scorekeeping sports - 4 years

Work: Internship - summer going into senior year "
SAT: 1380,GPA (UW/W): 3.53,"International STEM Bridge Builder Award (got this for my engineering club and I really pushed the trope of “building bridges” in my essays)

Nara Prefecture Global Ambassador Scholarship

Digital Education Innovation prize (for my swimming club app)","Founded school’s first engineering club, built bridges (metaphorically and physically lol) 

Made a mobile video game that earned 1000$ a month. Honestly crazy money never expected that.

Swimming club: taught students how to swim and made an app to keep them motivated. 

Some random cultural exchange activities with internationals"
SAT I: 1560,GPA (UW/W): 3.96,"U.S. Physics Olympiad Semifinalist (probably strongest award)

Jazz Band Cultural Fusion Award (tied this well into my essays)

Soccer Team Most Valuable Player (lol)

Some other smaller merit awards","Robotics Club. Led a team of 25 students in designing and building robots for regional competitions. Secured $500 in funding through grant writing, increasing the club's budget by 25%. Improved robot performance scores by 30% through innovative programming and design modifications.

Science Olympiad Team. Captained the school's Science Olympiad team, achieving 2nd place in the regional competition. Mentored 10 new members, increasing team participation by 40%. Specialized in physics-related events, scoring in the top 10% at the state level.

Community Spanish Tutoring. Provided weekly Spanish tutoring to 15 elementary school students from low-income families. Improved students' Spanish proficiency by an average of one grade level within six months. Developed customized lesson plans tailored to individual student needs.

School Jazz Band. Performed regularly with the school's jazz band at school events and local festivals. Introduced Latin rhythms into the band's repertoire, enriching the musical diversity. Led the percussion section, improving the band's overall rhythmic precision.

Also interned at a local tech company and did research at a local uni"
"SAT I: 1540 (750RW, 790M)",GPA (UW/W): 3.94,"Orchestra Director's Award (11th)

Scholastic Art & Writing Award Gold Key & American Voices Nominee (10th)

1st Place Instrumental Music: Classical and 1st Place Written Poetry @ District-level ACT-SO (11th)

National African American Recognition Program (11th)

HOSA Bronze Barbra James Service Award (10th)","School Orchestra (9th-12th; 4.5hr/wk, 35wk/yr) - President (12th), Vice Pres (11th); ""Directing [#] students by leading rehearsals, individually guiding, and organizing concerts; earned Director's Award and Superior District Solo""

Local External Youth Orchestra (11th-12th; 3.25hr/wk, 25wk/yr) - 2nd Chair Contrabassist; ""Led [#] other bassists in the highest youth orchestra by educating them on technique, making piece decisions, and performing with [regional professional orchestra]""

Creative Writing Club (11th-12th; 3hr/wk, 20wk/yr) - President & Founder; ""Founded local writing community by organizing meetings, creating competitions, advertising events, & doing peer reviews to foster well-rounded pupils""

School MUN (10th-12th; 2.5hr/wk, 41wk/yr) - Treasurer (11th-12th); ""Tracking payments, creating deadlines, & contacting members to manage club finances and conference registrations; 3rd place delegate at [regional conference]""

All County Orchestra (10th-11th; 5hr/wk, 6wk/yr) - Principal Contrabass (10th), 4th Chair (11th); ""Educated and guided to direct the bass section of the annual county-level music festival ensemble, to push advanced musicians to the next level""

School Orchestra (12th; 3hr/wk, 30wk/yr) - Teachers' Assistant; ""Creating assignments, grading, adding content to pages, handling student questions to generate Orchestra's Canvas to make a base for the organization""

Secondary Caretaker of Siblings (1hr/wk, 52wk/yr) - caring for 2 younger siblings

For some reason, I didn't include the hours I spent driving them around... (an hour every weekday morning) in addition to the hour each week I would watch over them, so... maybe don't do that.

Medical Clinic (2022 Summer, listed as 10th; 18hr/wk, 6wk/yr) - Front Desk Volunteer Receptionist; ""Greeted patients, filed paperwork, & called and messaged patients as a receptionist at a mainly veteran patients clinic to shadow outpatient care""

HOSA (9th-10th; 1.25hr/wk, 40wk/yr) - ""Did knowledge-based district competitions and volunteered for blood drives; given 110hr Bronze Barbra James Service Award for healthcare volunteering"""
SAT I: 1480,GPA (UW/W): 4.0,"Outstanding Contribution to Neuroscience Research Volunteering (UCLA)

Vietnamese-American Cultural Ambassador Recognition (state)

Academic Excellence in Multicultural Studies (national)

Debate award","Assisted Dr. Emily XXXX at UCLA's Anthropology Department, focusing on urban cultural studies. Conducted interviews with 50+ Vietnamese-American families in Little Saigon, analyzed qualitative data to identify cultural preservation patterns, and presented findings at a regional anthropology conference. Enhanced research skills and cultural understanding.

Founded a choir program at a local convalescent home, teaching residents songs from various cultures. Led weekly sessions, improving residents' emotional well-being, memory, and social interaction. Organized monthly performances that increased resident engagement by 40% and fostered intergenerational connections.

Spearheaded a peer mentoring program at school, providing emotional support and guidance to freshmen struggling with mental health issues. Organized weekly group sessions focused on stress management and coping mechanisms, resulting in a 30% decrease in reported anxiety among participating freshmen.

Created and led ""Dance for Dialogue,"" a series of dance workshops for underprivileged youth at the local community center. Used dance as a medium to explore cultural identity, promote self-expression, and build confidence. Organized a final performance showcasing the participants' talents to over 100 audience members.

Others are pretty small: a few club presidents, and social media as a hobby"
"SAT: 1500 (750RW, 750M)",GPA: 3.8 UW,none,none
SAT I: 1510,GPA (UW/W): 98/100 UW,"AP Scholar with Honor

AP with WE Service Recognition","#1 Certamen Team (founded a Classical trivia team that made it to semi’s at Yale, UPenn, and Princeton competitions)

#2 Latin Honors Society VP

#3 Latin Club President

#4 Art Honors Society Officer

#5 Art Club Officer

#6 Private Latin Tutoring (3+ Students)

#7 Varisty Fencing (4 years, +2 years Captain)

#8 Part time job (Restaurant, Senior year only)

#9 Community Volunteer Work (Church, 50+ hours)

#10 Shadowed at an antiquities auction house (Senior Year, 2 weeks over the summer)"
SAT: 1540,GPA (UW/W): 3.980,"Most Improved Golfer Award (Teammate-Selected)

Director's Award (Band)

Outstanding Senior Achievement Award for English (Department-Selected)

Top 10 in Senior Class

AP Scholar w/ Distinction","Cymbal Section Leader / Percussion Co-Section Leader

Enviro Club Secretary / Co-Social Media Manager

2-Year Golf JV, 2-Year Golf Varsity

Principal Player (Concert Band 1)

Percussion Section Social Media Manager

Steel Drum Band Member"
SAT I: 1280 ,GPA (UW/W): 4.4 W,"AP Scholar with Honor

Got on the top honor roll thing for my school all semesters

NHS

NSHSS

SNHS

book award from Brown University","Community service

Drama club/musical theater

NHS

Vote count reporter for 2025 general election

Personal book writing"
"SAT I: 1480 (760M, 720RW)",GPA: 4.0 UW,"Jackson Laboratory Achievement Award (1st place in state health app competition)

Junior Achievement Award (State finalist for AI Innovation pitch)

QuestBridge College Prep Scholar

AP Scholar Award","Family responsibilities (my biggest commitment): household management, cleaning, cooking, errands, chores, and taking care of siblings.

Machine Learning & AI: building apps and projects solo/team (ex. 1st place state health app, regional AI lawyer pitch).

Independent STEM learning: self-studied multivariable calculus, linear algebra, statistics, physics, and applied concepts to projects.

Video editing for entrepreneurial pitches and competitions: often linked to my AI/ML work and sometimes just for fun."
"SAT I: 1510 (750 RW, 760 M)",GPA (UW/W): 3.98,"2 Gold Medals (National Latin Exam), 1 Silver Medal

2 Silver Medals (National Roman History Exam)

1 Silver Medal (National Etymology Exam)","Certamen Team (founded a Classical trivia team that made it to semi’s at Yale, UPenn, and Princeton competitions)

Latin Honors Society VP

Latin Club President

Art Honors Society Officer

Art Club Officer"